TIPO_VIA;SINONIMO;DESCRIPCION;COMENTARIO
.;.;CARACTER;Tipo de vía a extinguir
ACCE;ACCE;ACCES;
ACCE;ACCES;ACCES;
ACCE;SARBI;ACCES;
ACCES;ACCE;ACCESO;
ACCES;ACCES;ACCESO;
ACCES;SARBI;ACCESO;
ACEQ;ACEQ;ACEQUIA;
ACERA;ACERA;ACERA;
ALAM;ALAM;ALAMEDA;
ALAM;ZUMAR;ALAMEDA;
ALD;ALD;ALDEA;
ALD;GUNEA;ALDEA;
ALD;ZONA;ALDEA;
ALDAP;ALDAP;ALDAPA;
ALDAP;CUSTA;ALDAPA;
ALDEA;ALDEA;ALDEA;
ALQUE;ALQUE;ALQUERIA;
ALTO;ALTO;ALTO;
ALTO;GAIN;ALTO;
ANDAD;ANDAD;ANDADOR;
ANGTA;ANGTA;ANGOSTA;
APTES;APTES;APARTAMENTS;
APTES;APTOS;APARTAMENTS;
APTOS;APTES;APARTAMENTOS;
APTOS;APTOS;APARTAMENTOS;
ARB;ARB;ARBOLEDA;
ARB;ZUHAI;ARBOLEDA;
ARRAL;ARRAL;ARRABAL;
ARRAL;ERREB;ARRABAL;
ARRAL;RABAL;ARRABAL;
ARRAL;RAVAL;ARRABAL;
ARRY;ARRY;ARROYO;
ARRY;ERREK;ARROYO;
ARRY;RIERA;ARROYO;
ASSEG;ASSEG;ASSEGADOR;
ATAJO;ATAJO;ATAJO;
ATAJO;ATAL;ATAJO;
ATAJO;ATALL;ATAJO;
ATAJO;LASTE;ATAJO;
ATAL;ATAJO;ATALL;
ATAL;ATAL;ATALL;
ATAL;ATALL;ATALL;
ATAL;LASTE;ATALL;
ATALL;ATAJO;ATALLO;
ATALL;ATAL;ATALLO;
ATALL;ATALL;ATALLO;
ATALL;LASTE;ATALLO;
ATZEK;ATZEK;ATZEKALDEA;
ATZUC;ATZUC;ATZUCAT;
AUTO;AUTO;AUTOPISTA;
AUTO;AVIA;AUTOPISTA;
AUZO;AUZO;AUZO;
AUZO;AUZOA;AUZO;
AUZO;AUZUN;AUZO;
AUZO;BAIL;AUZO;
AUZO;BARRI;AUZO;
AUZO;BARRO;AUZO;
AUZOA;AUZO;AUZOA;
AUZOA;AUZOA;AUZOA;
AUZOA;AUZUN;AUZOA;
AUZOA;BAIL;AUZOA;
AUZOA;BARRI;AUZOA;
AUZOA;BARRO;AUZOA;
AUZOT;AUZOT;AUZOTEGI;
AUZOT;BARDA;AUZOTEGI;
AUZUN;AUZO;AUZUNEA;
AUZUN;AUZOA;AUZUNEA;
AUZUN;AUZUN;AUZUNEA;
AUZUN;BAIL;AUZUNEA;
AUZUN;BARRI;AUZUNEA;
AUZUN;BARRO;AUZUNEA;
AV;AV;AVINGUDA;
AV;AVDA;AVINGUDA;
AV;AVGDA;AVINGUDA;
AV;ETDEA;AVINGUDA;
AV;HIRIB;AVINGUDA;
AVDA;AV;AVENIDA;
AVDA;AVDA;AVENIDA;
AVDA;AVGDA;AVENIDA;
AVDA;ETDEA;AVENIDA;
AVDA;HIRIB;AVENIDA;
AVGDA;AV;AVINGUDA;
AVGDA;AVDA;AVINGUDA;
AVGDA;AVGDA;AVINGUDA;
AVGDA;ETDEA;AVINGUDA;
AVGDA;HIRIB;AVINGUDA;
AVIA;AUTO;AUTOVIA;
AVIA;AVIA;AUTOVIA;
BAIL;AUZO;BAILARA;
BAIL;AUZOA;BAILARA;
BAIL;AUZUN;BAILARA;
BAIL;BAIL;BAILARA;
BAIL;BARRI;BAILARA;
BAIL;BARRO;BAILARA;
BARDA;AUZOT;BARRIADA;
BARDA;BARDA;BARRIADA;
BARRI;AUZO;BARRI;
BARRI;AUZOA;BARRI;
BARRI;AUZUN;BARRI;
BARRI;BAIL;BARRI;
BARRI;BARRI;BARRI;
BARRI;BARRO;BARRI;
BARRO;AUZO;BARRIO;
BARRO;AUZOA;BARRIO;
BARRO;AUZUN;BARRIO;
BARRO;BAIL;BARRIO;
BARRO;BARRI;BARRIO;
BARRO;BARRO;BARRIO;
BDA;BDA;BAIXADA;
BDA;BJADA;BAIXADA;
BELNA;BELNA;BELENA;
BIDE;BIDE;BIDE;
BIDE;BIDEA;BIDE;
BIDE;VIA;BIDE;
BIDEA;BIDE;BIDEA;
BIDEA;BIDEA;BIDEA;
BIDEA;VIA;BIDEA;
BIDEB;BIDEB;BIDEBIETA;
BIDEB;GTA;BIDEBIETA;
BJADA;BDA;BAJADA;
BJADA;BJADA;BAJADA;
BLQUE;BLQUE;BLOQUE;
BRANC;BRANC;BARRANCO;
BRDLA;BRDLA;BARREDUELA;
BRZAL;BRZAL;BRAZAL;
BULEV;BULEV;BULEVAR;
BULEV;BV;BULEVAR;
BV;BV;BULEVAR;
C;C;CARRER;
C;C/;CARRER;
C;CALLE;CARRER;
C;CARRE;CARRER;
C;KALE;CARRER;
C;KALEA;CARRER;
C;KARRI;CARRER;
C;RUA;CARRER;
C.H.;C.H.;CMNO HONDO;
C.N.;C.N.;CMNO NUEVO;
C.V.;C.V.;CMNO VIEJO;
C/;C;CARRER;
C/;C/;CARRER;
C/;CALLE;CARRER;
C/;CARRE;CARRER;
C/;KALE;CARRER;
C/;KALEA;CARRER;
C/;KARRI;CARRER;
C/;RUA;CARRER;
CÑADA;CÑADA;CAÑADA;
CAL.;CAL.;CALELLA;
CALL;CALL;CALL;
CALLE;C;CALLE;
CALLE;C/;CALLE;
CALLE;CALLE;CALLE;
CALLE;CARRE;CALLE;
CALLE;KALE;CALLE;
CALLE;KALEA;CALLE;
CALLE;KARRI;CALLE;
CALLE;RUA;CALLE;
CALLI;CALLI;CALLI;
CAMI;CAMI;CAMI;
CAMI;CAMIN;CAMI;
CAMI;CMNO;CAMI;
CAMIN;CAMI;CAMIN;
CAMIN;CAMIN;CAMIN;
CAMP;CAMP;CAMPO;
CAMPA;CAMPA;CAMPA;
CANÑO;CANÑO;CANTIÑO;
CANAL;CANAL;CANAL;
CANT;CANT;CANTON;
CANT;CANTO;CANTON;
CANTO;CANT;CANTO;
CANTO;CANTO;CANTO;
CARRA;CARRA;CARRERADA;
CARRA;CARRY;CARRERADA;
CARRE;C;CARRER;
CARRE;C/;CARRER;
CARRE;CALLE;CARRER;
CARRE;CARRE;CARRER;
CARRE;KALE;CARRER;
CARRE;KALEA;CARRER;
CARRE;KARRI;CARRER;
CARRE;RUA;CARRER;
CARRY;CARRA;CARRERANY;
CARRY;CARRY;CARRERANY;
CBTIZ;CBTIZ;COBERTIZO;
CELLA;CELLA;CANELLA;
CELLA;CELLA;CANELLON;
CELLA;CLLON;CANELLON;
CERRO;CERRO;CERRO;
CINT;CINT;CINTURO;
CINY;CINY;CINYELL;
CIRCU;CIRCU;CIRCUMVAL.LACIO;
CJLA;CJLA;CALLEJUELA;
CJLA;RUELA;CALLEJUELA;
CJTO;CJTO;CONJUNTO;
CJTO;CXTO;CONJUNTO;
CLEYA;CLEYA;CALEYA;
CLLJA;CLLJA;CALLEJA;
CLLJA;KARIK;CALLEJA;
CLLJA;RUELA;CALLEJA;
CLLJO;CLLJO;CALLEJO;
CLLON;CELLA;CALLEJON;
CLLON;CLLON;CALLEJON;
CLLON;ETXAR;CALLEJON;
CLLZO;CLLZO;CALLIZO;
CLYON;CLYON;CALEYON;
CMÑO;CMÑO;CAMIÑO;
CMÑO;CMNO;CAMIÑO;
CMNO;CMÑO;CAMINO;
CMNO;CMNO;CAMINO;
CMPÑ;CMPÑ;CAMPIÑO;
CNDA;CNDA;CANADA;
CNLLA;CNLLA;CANELLA;
COL;COL;COLONIA;
COMPJ;COMPJ;COMPLEJO;
COMPJ;COMPX;COMPLEJO;
COMPX;COMPJ;COMPLEXO;
COMPX;COMPX;COMPLEXO;
CORDL;CORDL;CORDEL;
COSTA;COSTA;COSTA;
COSTA;KOSTA;COSTA;
CRA;CRA;CARRERA;
CRA;KARRE;CARRERA;
CRLLO;CRLLO;CORRILLO;
CRO;CRO;CARRERO;
CRRA;CRRA;CARRUA;
CRRAL;CRRAL;CORRALO;
CRRCI;CRRCI;CORREDORCILLO;
CRRDA;CRRDA;CORREDOIRA;
CRRDA;CRRDE;CORREDOIRA;
CRRDE;CRRDA;CORREDERA;
CRRDE;CRRDE;CORREDERA;
CRRDO;CRRDO;CORREDOR;
CRRIL;CRRIL;CARRIL;
CRRIL;KRRIL;CARRIL;
CRRLO;CRRLO;CORRALILLO;
CRRO;CRRO;CARREIRO;
CRROL;CRROL;CORRIOL;
CRROL;SEDER;CORRIOL;
CRROL;SENDA;CORRIOL;
CRTIL;CRTIL;CARRETIL;
CRTJO;CRTJO;CORTIJO;
CSRIA;CSRIA;CASERIA;
CSRIO;CSRIO;CASERIO;
CSTAN;CSTAN;COSTANILLA;
CTRA;CTRA;CARRETERA;
CTRA;ERREP;CARRETERA;
CTRIN;CTRIN;CARRETERIN;
CUSTA;ALDAP;CUESTA;
CUSTA;CUSTA;CUESTA;
CXON;CELLA;CALEXON;
CXON;CXON;CALEXON;
CXTO;CJTO;CONXUNTO;
CXTO;CXTO;CONXUNTO;
CZADA;CZADA;CALZADA;
CZADS;CZADS;CALZADAS;
DEMAR;DEMAR;DEMARCACIO;
DRERA;DRERA;DRECERA;
EIRAD;EIRAD;EIRADO;
ENFST;ENFST;ENFESTA;
ENTD;ENTD;ENTRADA;
EPTZA;EPTZA;ENPARANTZA;
EPTZA;PL;ENPARANTZA;
EPTZA;PLAZA;ENPARANTZA;
EPTZA;PLZ;ENPARANTZA;
ERREB;ARRAL;ERREBAL;
ERREB;ERREB;ERREBAL;
ERREB;RABAL;ERREBAL;
ERREB;RAVAL;ERREBAL;
ERREK;ARRY;ERREKA;
ERREK;ERREK;ERREKA;
ERREK;RIERA;ERREKA;
ERREP;CTRA;ERREPIDE;
ERREP;ERREP;ERREPIDE;
ERRIB;ERRIB;ERRIBERA;
ERRIB;VEGA;ERRIBERA;
ESC;ESC;ESCALA;
ESCA;ESCA;ESCALERA;
ESCAL;ESCAL;ESCALINATA;
ESCU;ESCU;ESCULLERA;
ESLDA;ESLDA;ESPALDA;
ESTAC;ESTAC;ESTACION CERCANIAS;
ESTDA;ESTDA;ESTRADA;
ETDEA;AV;ETORBIDE;
ETDEA;AVDA;ETORBIDE;
ETDEA;AVGDA;ETORBIDE;
ETDEA;ETDEA;ETORBIDE;
ETDEA;HIRIB;ETORBIDE;
ETXAD;ETXAD;ETXADI;
ETXAD;GRUP;ETXADI;
ETXAD;GRUPO;ETXADI;
ETXAD;TALDE;ETXADI;
ETXAR;CLLON;ETXARTE;
ETXAR;ETXAR;ETXARTE;
ETXAT;ETXAT;ETXATZE;
ETXAT;TRAS;ETXATZE;
EXPLA;EXPLA;EXPLANADA;
EXTRM;EXTRM;EXTRAMUROS;
EXTRR;EXTRR;EXTRARRADIO;
FABR;FABR;FABRICA;
FALDA;FALDA;FALDA;
FINCA;FINCA;FINCA;
G.V.;G.V.;GRAN VIA;
GAIN;ALTO;GAIN;
GAIN;GAIN;GAIN;
GALE;GALE;GALERIA;
GJA;GJA;GRANJA;
GORAB;GORAB;GORABIDE;
GORAB;PJDA;GORABIDE;
GORAB;SBIDA;GORABIDE;
GRUP;ETXAD;GRUPO;
GRUP;GRUP;GRUPO;
GRUP;GRUPO;GRUPO;
GRUP;TALDE;GRUPO;
GRUPO;ETXAD;GRUPO;
GRUPO;GRUP;GRUPO;
GRUPO;GRUPO;GRUPO;
GRUPO;TALDE;GRUPO;
GTA;BIDEB;GLORIETA;
GTA;GTA;GLORIETA;
GUNEA;ALD;GUNEA;
GUNEA;GUNEA;GUNEA;
GUNEA;ZONA;GUNEA;
HEGI;HEGI;HEGI;
HIRIB;AV;HIRIBIDE;
HIRIB;AVDA;HIRIBIDE;
HIRIB;AVGDA;HIRIBIDE;
HIRIB;ETDEA;HIRIBIDE;
HIRIB;HIRIB;HIRIBIDE;
HONDA;HONDA;HONDARTZA;
HONDA;PLAYA;HONDARTZA;
HONDA;PRAIA;HONDARTZA;
HONDA;PTJA;HONDARTZA;
HOYA;HOYA;HOYA;
IBILB;IBILB;IBILBIDE;
IBILB;PASEA;IBILBIDE;
IBILB;PASEO;IBILBIDE;
IBILB;PG;IBILBIDE;
IBILT;IBILT;IBILTOKIA;
ILLA;ILLA;ILLA;
IND;IND;INDUSTRIALDEA;
INDA;INDA;INDA;
JARD;JARD;JARDI;
JDIN;JDIN;JARDIN;
JDIN;LORAK;JARDIN;
JDIN;LORAT;JARDIN;
JDIN;XDIN;JARDIN;
JDINS;JDINS;JARDINES;
KAI;KAI;KAI;
KAI;MUELL;KAI;
KALE;C;KALE;
KALE;C/;KALE;
KALE;CALLE;KALE;
KALE;CARRE;KALE;
KALE;KALE;KALE;
KALE;KALEA;KALE;
KALE;KARRI;KALE;
KALE;RUA;KALE;
KALEA;C;KALEA;
KALEA;C/;KALEA;
KALEA;CALLE;KALEA;
KALEA;CARRE;KALEA;
KALEA;KALE;KALEA;
KALEA;KALEA;KALEA;
KALEA;KARRI;KALEA;
KALEA;RUA;KALEA;
KANT;KANT;KANTOIA;
KARIK;CLLJA;KARRIKA;
KARIK;KARIK;KARRIKA;
KARIK;RUELA;KARRIKA;
KARRE;CRA;KARRERA;
KARRE;KARRE;KARRERA;
KARRI;C;KARRICA;
KARRI;C/;KARRICA;
KARRI;CALLE;KARRICA;
KARRI;CARRE;KARRICA;
KARRI;KALE;KARRICA;
KARRI;KALEA;KARRICA;
KARRI;KARRI;KARRICA;
KARRI;RUA;KARRICA;
KOSTA;COSTA;KOSTA;
KOSTA;KOSTA;KOSTA;
KRRIL;CRRIL;KARRIL;
KRRIL;KRRIL;KARRIL;
LAGO;LAGO;LAGO;
LASTE;ATAJO;LASTERBIDE;
LASTE;ATAL;LASTERBIDE;
LASTE;ATALL;LASTERBIDE;
LASTE;LASTE;LASTERBIDE;
LDERA;LDERA;LADERA;
LEKU;LEKU;LEKU;
LEKU;LLOC;LEKU;
LEKU;LUGAR;LEKU;
LLOC;LEKU;LLOC;
LLOC;LLOC;LLOC;
LLOC;LUGAR;LLOC;
LOMA;LOMA;LOMA;
LORAK;JDIN;LORATEGIAK;
LORAK;LORAK;LORATEGIAK;
LORAK;LORAT;LORATEGIAK;
LORAK;XDIN;LORATEGIAK;
LORAT;JDIN;LORATEGI;
LORAT;LORAK;LORATEGI;
LORAT;LORAT;LORATEGI;
LORAT;XDIN;LORATEGI;
LUGAR;LEKU;LUGAR;
LUGAR;LLOC;LUGAR;
LUGAR;LUGAR;LUGAR;
MALEC;MALEC;MALECON;
MASIA;MASIA;MASIA;
MAZO;MAZO;MAZO;
MENDI;MENDI;MENDI;
MENDI;MONTE;MENDI;
MIRAD;MIRAD;MIRADOR;
MOLI;MOLI;MOLÍ;
MOLL;MOLL;MOLL;
MONTE;MENDI;MONTE;
MONTE;MONTE;MONTE;
MUELL;KAI;MUELLE;
MUELL;MUELL;MUELLE;
ONDAR;HONDA;ONDARTZA;
ONDAR;PLAYA;ONDARTZA;
ONDAR;PRAIA;ONDARTZA;
ONDAR;PTJA;ONDARTZA;
PAGO;PAGO;PAGO;
PARC;PARC;PARQUE;
PARC;PARKE;PARQUE;
PARC;PQUE;PARQUE;
PARKE;PARC;PARKE;
PARKE;PARKE;PARKE;
PARKE;PQUE;PARKE;
PARTI;PARTI;PARTICULAR;
PAS;PAS;PAS;
PASAI;PASAI;PASAIA;
PASAI;PSAJE;PASAIA;
PASAI;PSAXE;PASAIA;
PASAI;PTGE;PASAIA;
PASEA;IBILB;PASEABIDE;
PASEA;PASEA;PASEABIDE;
PASEA;PASEO;PASEABIDE;
PASEA;PG;PASEABIDE;
PASEO;IBILB;PASEO;
PASEO;PASEA;PASEO;
PASEO;PASEO;PASEO;
PASEO;PG;PASEO;
PBDO;PBDO;POBLADO;
PDA;PDA;PUJADA;
PDIS;PDIS;PASSADIS;
PDIS;PZO;PASSADIS;
PG;IBILB;PASSEIG;
PG;PASEA;PASSEIG;
PG;PASEO;PASSEIG;
PG;PG;PASSEIG;
PINAR;PINAR;PINAR;
PISTA;PISTA;PISTA;
PJDA;PJDA;PUJADA,SUBIDA;
PJDA;SBIDA;PUJADA,SUBIDA;
PL;EPTZA;PLACA;
PL;PL;PLACA;
PL;PL;PLAÇA;
PL;PLAÇA;PLAÇA;
PL;PLAZA;PLACA;
PL;PLZ;PLAÇA;
PLA;PLA;PLA;
PLAÇA;PL;PLAÇA;
PLAÇA;PLAÇA;PLAÇA;
PLAÇA;PLACA;PLAÇA;
PLAÇA;PLAZA;PLAÇA;
PLAÇA;PLZ;PLAÇA;
PLAYA;HONDA;PLAYA;
PLAYA;PLAYA;PLAYA;
PLAYA;PRAIA;PLAYA;
PLAYA;PTJA;PLAYA;
PLAZA;EPTZA;PLAZA;
PLAZA;PL;PLAZA;
PLAZA;PLAÇA;PLAZA;
PLAZA;PLAZA;PLAZA;
PLAZA;PLZ;PLAZA;
PLCET;PLCET;PLACETA;
PLCNA;PLCNA;PLACINA;
PLLO;PLLO;PASILLO;
PLZ;EPTZA;PLAZA;
PLZ;PL;PLAZA;
PLZ;PLAÇA;PLAZA;
PLZ;PLAZA;PLAZA;
PLZ;PLZ;PLAZA;
PLZLA;PLZLA;PLAZUELA;
PNTE;PNTE;PUENTE;
POLIG;POLIG;POLIGONO;
PONT;PONT;PONT;
PONT;PONTE;PONT;
PONTE;PONT;PONTE;
PONTE;PONTE;PONTE;
PORT;PORT;PORT;
PQUE;PARC;PARQUE;
PQUE;PARKE;PARQUE;
PQUE;PQUE;PARQUE;
PRAÑA;PRAÑA;PRACIÑA;
PRAGE;PRAGE;PARATGE;
PRAGE;PRAJE;PARATGE;
PRAGE;PSAXE;PARATGE;
PRAGE;TOKI;PARATGE;
PRAIA;HONDA;PRAIA;
PRAIA;PLAYA;PRAIA;
PRAIA;PRAIA;PRAIA;
PRAIA;PTJA;PRAIA;
PRAJE;PRAGE;PARAJE;
PRAJE;PRAJE;PARAJE;
PRAJE;PSAXE;PARAJE;
PRAJE;TOKI;PARAJE;
PRAZA;PRAZA;PRAZA;
PROBA;PROBA;PRUEBA;
PROL;PROL;PROLONGACION;
PROL;PROL;PORLONGACION;
PRTAL;PRTAL;PORTAL;
PSAJE;PASAI;PASAJE;
PSAJE;PSAJE;PASAJE;
PSAJE;PSAXE;PASAJE;
PSAJE;PTGE;PASAJE;
PSAXE;PASAI;PASAXE;
PSAXE;PRAGE;PARAXE;
PSAXE;PRAJE;PARAXE;
PSAXE;PSAJE;PASAXE;
PSAXE;PSAXE;PARAXE;
PSAXE;PSAXE;PASAXE;
PSAXE;PSAXE;PASAXE;
PSAXE;PTGE;PASAXE;
PSAXE;TOKI;PARAXE;
PTDA;PTDA;PARTIDA;
PTGE;PASAI;PASSATGE;
PTGE;PSAJE;PASSATGE;
PTGE;PSAXE;PASSATGE;
PTGE;PTGE;PASSATGE;
PTILO;PTILO;PORTILLO;
PTJA;HONDA;PLATJA;
PTJA;PLAYA;PLATJA;
PTJA;PRAIA;PLATJA;
PTJA;PTJA;PLATJA;
PTLLO;PTLLO;PORTILLO;
PZO;PDIS;PASADIZO;
PZO;PZO;PASADIZO;
PZTA;PZTA;PLAZOLETA;
PZTXO;PZTXO;PLAZATXOA;
RABAL;ARRAL;RABAL;
RABAL;ERREB;RABAL;
RABAL;RABAL;RABAL;
RABAL;RAVAL;RABAL;
RACDA;RACDA;RACONADA;
RACDA;RCDA;RACONADA;
RACO;RACO;RACO;
RACO;RCON;RACO;
RAMAL;RAMAL;RAMAL;
RAMPA;RAMPA;RAMPA;
RAMPS;RAMPS;RAMPAS;
RAVAL;ARRAL;RAVAL;
RAVAL;ERREB;RAVAL;
RAVAL;RABAL;RAVAL;
RAVAL;RAVAL;RAVAL;
RBLA;RBLA;RAMBLA;
RBLTA;RBLTA;RAMBLETA;
RBRA;RBRA;RIBERA;
RCDA;RACDA;RINCONADA;
RCDA;RCDA;RINCONADA;
RCDA;RENTO;RINCONADA;
RCON;RACO;RINCON;
RCON;RCON;RINCON;
RENTO;RCDA;RECANTO;
RENTO;RENTO;RECANTO;
RIERA;ARRY;RIERA;
RIERA;ERREK;RIERA;
RIERA;RIERA;RIERA;
RONDA;RONDA;RONDA;
RPLCT;RPLCT;REPLACETA;
RTDA;RTDA;ROTONDA;
RUA;C;RUA;
RUA;C/;RUA;
RUA;CALLE;RUA;
RUA;CARRE;RUA;
RUA;KALE;RUA;
RUA;KALEA;RUA;
RUA;KARRI;RUA;
RUA;RUA;RUA;
RUELA;CJLA;RUELA;
RUELA;CLLJA;RUELA;
RUELA;KARIK;RUELA;
RUELA;RUELA;RUELA;
RUELA;RUELA;RUELA;
RUERO;RUERO;RUEIRO;
SARBI;ACCE;SARBIDE;
SARBI;ACCES;SARBIDE;
SARBI;SARBI;SARBIDE;
SBIDA;GORAB;SUBIDA;
SBIDA;PJDA;GORABIDE;
SBIDA;SBIDA;SUBIDA;
SECT;SECT;SECTOR;
SECT;SEKT;SECTOR;
SEDER;CRROL;SENDER;
SEDER;SEDER;SENDER;
SEDER;SENDA;SENDER;
SEDRA;SEDRA;SENDERA;
SEKT;SECT;SEKTORE;
SEKT;SEKT;SEKTORE;
SEND;SEND;SENDERO;
SEND;VIANY;SENDERO;
SENDA;CRROL;SENDA;
SENDA;SEDER;SENDA;
SENDA;SENDA;SENDA;
SLIDA;SLIDA;SALIDA;
SVTIA;CMNO;SERVENTIA;
SVTIA;SVTIA;SERVENTIA;
TALDE;ETXAD;TALDE;
TALDE;GRUP;TALDE;
TALDE;GRUPO;TALDE;
TALDE;TALDE;TALDE;
TOKI;PRAGE;TOKI;
TOKI;PRAJE;TOKI;
TOKI;PSAXE;TOKI;
TOKI;TOKI;TOKI;
TORRE;TORRE;TORRE;
TRANS;TRANS;TRANSITO;
TRAS;ETXAT;TRASERA;
TRAS;TRAS;TRASERA;
TRAV;TRAV;TRAVESSERA;
TRAV;TRSSI;TRAVESSERA;
TRAV;TRVA;TRAVESSERA;
TRAV;TRVSA;TRAVESSERA;
TRRNT;TRRNT;TORRENT;
TRSSI;TRAV;TRAVESSIA;
TRSSI;TRSSI;TRAVESSIA;
TRSSI;TRVA;TRAVESSIA;
TRSSI;TRVSA;TRAVESSERA;
TRVA;TRAV;TRAVESIA;
TRVA;TRSSI;TRAVESIA;
TRVA;TRVA;TRAVESIA;
TRVAL;TRVAL;TRANSVERSAL;
TRVSA;TRAV;TRAVESA;
TRVSA;TRSSI;TRAVESA;
TRVSA;TRVSA;TRAVESA;
TUNEL;TUNEL;TUNEL;
TURO;CERRO;TURO;
TURO;TURO;TURO;
URB;URB;URBANIZACION;
URB;URBAT;URBANIZACION;
URB;URBAZ;URBANIZACION;
URBAT;URB;URBANITZACIO;
URBAT;URBAT;URBANITZACIO;
URBAT;URBAZ;URBANITZACIO;
URBAZ;URB;URBANIZAZIO;
URBAZ;URBAT;URBANIZAZIO;
URBAZ;URBAZ;URBANIZAZIO;
VALLE;VALLE;VALLE;
VCTO;VCTO;VIADUCTO;
VCTO;VIAD;VIADUCTO;
VEGA;ERRIB;VEGA;
VEGA;VEGA;VEGA;
VENAT;VENAT;VEINAT;
VENAT;VNAT;VEINAT;
VENLA;VENLA;VENELA;
VIA;BIDE;VIA;
VIA;BIDEA;VIA;
VIA;VIA;VIA;
VIAD;VCTO;VIADUCTE;
VIAD;VIAD;VIADUCTE;
VIAL;VIAL;VIAL;
VIANY;SEND;VIARANY;
VIANY;VIANY;VIARANY;
VNAT;VENAT;VEÏNAT;
VNAT;VNAT;VEÏNAT;
VNERA;VNERA;VENERA;
VREDA;VREDA;VEREDA;
XDIN;JDIN;XARDIN;
XDIN;LORAK;XARDIN;
XDIN;LORAT;XARDIN;
XDIN;XDIN;XARDIN;
ZEHAR;ZEHAR;ZEHARKALEA;
ZONA;ALD;ZONA;
ZONA;GUNEA;ZONA;
ZONA;ZONA;ZONA;
ZUBI;ZUBI;ZUBI;
ZUHAI;ARB;ZUHAIZTI;
ZUHAI;ZUHAI;ZUHAIZTI;
ZUMAR;ALAM;ZUMARDI;
ZUMAR;ZUMAR;ZUMARDI;
